population,country,density
339996563,United States of America,36.2755479
128455567,Mexico,65.39258899
38781291,Canada,3.8840834
18092026,Guatemala,166.1510896
11724763,Haiti,422.513982
11332972,Dominican Republic,232.8485546
11194449,Cuba,101.8751502
10593798,Honduras,94.17379014
7046310,Nicaragua,54.04731041
6364943,El Salvador,302.5019248
5212173,Costa Rica,101.9994716
4468087,Panama,59.24509063
3260314,Puerto Rico,367.5664036
2825544,Jamaica,257.0779729
1534937,Trinidad and Tobago,299.2079922
412623,Bahamas,29.59355949
410825,Belize,17.88840024
395839,Guadeloupe,243.1443489
366981,Martinique,325.337766
281995,Barbados,655.8023256
192077,Curacao,432.6058559
180251,Saint Lucia,292.6152597
126183,Grenada,366.8110465
106277,Aruba,590.4277778
103698,Saint Vincent and the Grenadines,266.5758355
98750,United States Virgin Islands,284.5821326
94298,Antigua and Barbuda,213.3438914
73040,Dominica,97.25699068
69310,Cayman Islands,262.5378788
64069,Bermuda,1186.462963
56643,Greenland,0.026149931
47755,Saint Kitts and Nevis,182.9693487
46062,Turks and Caicos Islands,48.58860759
44222,Sint Maarten,1300.647059
32077,Saint Martin,605.2264151
31538,British Virgin Islands,208.8609272
15899,Anguilla,174.7142857
10994,Saint Barthelemy,523.5238095
5840,Saint Pierre and Miquelon,24.1322314
4386,Montserrat,43
